Plugin;File;Bytes
yamlcpp;generated.yaml;526317097
yamlcpp;generated_500.yaml;31410761
yamlcpp;generated_0.yaml;6140498
yamlcpp;combined.yaml;12550828
yamlcpp;generated_1.yaml;6217492
yamlcpp;generated_5000.yaml;263532501
yamlcpp;generated_50000.yaml;2615873663
yamlcpp;keyframes.yaml;17499061
yamlcpp;generated_100.yaml;11350551
yamlcpp;generated_10.yaml;6553935
yamlcpp;generated_100000.yaml;5271183056
yamlcpp;generated_50.yaml;8232628
yamlcpp;generated_5.yaml;6338625
yamlcpp;generated_10000.yaml;522847906
yamlcpp;generated_1000.yaml;58174898
yanlr;generated.yaml;483511266
yanlr;generated_500.yaml;32646692
yanlr;generated_0.yaml;11054449
yanlr;combined.yaml;17511634
yanlr;generated_1.yaml;11207419
yanlr;generated_5000.yaml;247436978
yanlr;generated_50000.yaml;2316455859
yanlr;keyframes.yaml;23845132
yanlr;generated_100.yaml;15644987
yanlr;generated_10.yaml;11538824
yanlr;generated_100000.yaml;4637852444
yanlr;generated_50.yaml;13532718
yanlr;generated_5.yaml;11364998
yanlr;generated_10000.yaml;479922688
yanlr;generated_1000.yaml;56019972
yambi;generated.yaml;200752606
yambi;generated_500.yaml;13940881
yambi;generated_0.yaml;5109425
yambi;combined.yaml;7729508
yambi;generated_1.yaml;5109837
yambi;generated_5000.yaml;99041120
yambi;generated_50000.yaml;1021332086
yambi;keyframes.yaml;10405086
yambi;generated_100.yaml;6806234
yambi;generated_10.yaml;5239863
yambi;generated_100000.yaml;2093762407
yambi;generated_50.yaml;6028252
yambi;generated_5.yaml;5146111
yambi;generated_10000.yaml;199329191
yambi;generated_1000.yaml;24025730
yawn;generated.yaml;164324224
yawn;generated_500.yaml;13924386
yawn;generated_0.yaml;5798405
yawn;combined.yaml;7915259
yawn;generated_1.yaml;5832118
yawn;generated_5000.yaml;85319454
yawn;generated_50000.yaml;797988470
yawn;keyframes.yaml;8986566
yawn;generated_100.yaml;7577218
yawn;generated_10.yaml;6006407
yawn;generated_100000.yaml;1591507871
yawn;generated_50.yaml;6714187
yawn;generated_5.yaml;5921374
yawn;generated_10000.yaml;164310541
yawn;generated_1000.yaml;22000861
yaypeg;generated.yaml;668858933
yaypeg;generated_500.yaml;36063723
yaypeg;generated_0.yaml;5070720
yaypeg;combined.yaml;14761221
yaypeg;generated_1.yaml;5087467
yaypeg;generated_5000.yaml;333254331
yaypeg;generated_50000.yaml;3345555841
yaypeg;keyframes.yaml;22792213
yaypeg;generated_100.yaml;7409466
yaypeg;generated_10.yaml;5327491
yaypeg;generated_100000.yaml;6714546800
yaypeg;generated_50.yaml;6511676
yaypeg;generated_5.yaml;5163580
yaypeg;generated_10000.yaml;662393175
yaypeg;generated_1000.yaml;70645201
